all,LM,GI,HW
abide,able,abide,positive 
ability,abundance,ability,positives 
able,abundant,able,success 
abound,acclaimed,abound,successes 
absolute#1,accomplish,absolve,successful 
absolute#2,accomplished,absorbent,succeed 
absolve,accomplishes,absorption,succeeds 
absorbent,accomplishing,abundance,succeeding
absorption,accomplishment,abundant,succeeded 
abundance,accomplishments,accede,accomplish 
abundant,achieve,accentuate,accomplishes 
accede,achieved,accept,accomplishing 
accelerate,achievement,acceptable,accomplished 
acceleration,achievements,acceptance,accomplishment
accentuate,achieves,accessible,accomplishments 
accept,achieving,accession,strong 
acceptable,adequately,acclaim,strength 
acceptance,advancement,acclamation,strengths 
accessible,advancements,accolade,certain 
accession,advances,accommodate,certainty 
acclaim,advancing,accommodation,definite 
acclaimed,advantage,accompaniment,solid 
acclamation,advantaged,accomplish,excellent
accolade,advantageous,accomplishment,good 
accommodate,advantageously,accord#2,leading 
accommodation,advantages,accord#3,achieve 
accompaniment,alliance,accord#5,achieves 
accomplish,alliances,accordance,achieved 
accomplished,assure,accountable,achieving 
accomplishes,assured,accrue,achievement 
accomplishing,assures,accuracy,achievements
accomplishment,assuring,accurate,progress 
accomplishments,attain,accurateness,progressing 
accord#2,attained,achieve,deliver 
accord#3,attaining,achievement,delivers 
accord#5,attainment,acknowledgement,delivered 
accordance,attainments,acquaint,delivering 
accountable,attains,acquaintance,leader 
accrue,attractive,acquit,leading 
accuracy,attractiveness,acquittal,pleased 
accurate,beautiful,actual#1,reward
accurateness,beautifully,actual#2,rewards 
achieve,beneficial,actuality,rewarding 
achieved,beneficially,adamant,rewarded 
achievement,benefit,adaptability,opportunity 
achievements,benefited,adaptable,opportunities 
achieves,benefiting,adaptation,enjoy 
achieving,benefitted,adaptive,enjoys 
acknowledgement,benefitting,adept,enjoying 
acquaint,best,adeptness,enjoyed
acquaintance,better,adequate,encouraged 
acquire#1,bolstered,adherence,encouraging 
acquire#2,bolstering,adherent,up 
acquisition,bolsters,adhesion,increase 
acquit,boom,adhesive,increases 
acquittal,booming,adjunct,increasing 
act#1,boost,adjust#2,increased 
act#2,boosted,adjustable,rise 
act#3,breakthrough,adjustment,rises 
action,breakthroughs,admirable,rising
active#1,brilliant,admiration,rose 
actual#1,charitable,admire,risen 
actual#2,collaborate,admirer,improve 
actuality,collaborated,admit#1,improves 
adamant,collaborates,admit#2,improving 
adapt,collaborating,admit#3,improved 
adaptability,collaboration,admittance,improvement 
adaptable,collaborations,adorable,improvements 
adaptation,collaborative,adore,strengthen
adaptive,collaborator,adorn,strengthens 
add#1,collaborators,adornment,strengthening 
addition#2,compliment,adroit,strengthened 
additional,complimentary,adroitly,stronger 
adept,complimented,adulation,strongest 
adeptness,complimenting,adult#2,better 
adequate,compliments,advance#1,best 
adequately,conclusive,advance#2,more 
adherence,conclusively,advance#3,most 
adherent,conducive,advancement,above
adhesion,confident,advantage,record 
adhesive,constructive,advantageous,high 
adjudication,constructively,advent,higher 
adjunct,courteous,adventuresome,highest 
adjust#1,creative,adventurous,greater 
adjust#2,creatively,advisable,greatest 
adjustable,creativeness,advocacy,larger 
adjustment,creativity,affability,largest 
administer,delight,affable,grow 
administration#1,delighted,affection,grows 
administration#2,delightful,affectionate,growing 
administrative,delightfully,affiliate,grew 
administrator,delighting,affiliation,grown
admirable,delights,affinity,growth 
admiration,dependability,affirm,expand 
admire,dependable,affirmation,expands 
admirer,desirable,affirmative,expanding 
admit#1,desired,affix,expanded 
admit#2,despite,affluence,expansion 
admit#3,destined,affluent,exceed 
admittance,diligent,afloat,exceeds 
adorable,diligently,aggregate,exceeded
adore,distinction,aggregation,exceeding 
adorn,distinctions,agile,beat 
adornment,distinctive,agility,beats 
adroit,distinctively,agreeable,beating
adroitly,distinctiveness,agreement,
adulation,dream,aid#1,
adult#1,easier,aid#2,
adult#2,easily,alertness,
advance#1,easy,alight,
advance#2,effective,alive,
advance#3,efficiencies,allegiance,
advancement,efficiency,alleviate,
advancements,efficient,alliance,
advances,efficiently,allied,
advancing,empower,allies,
advantage,empowered,allow#1,
advantaged,empowering,allowable,
advantageous,empowers,allowance,
advantageously,enable,allure,
advantages,enabled,ally#1,
advent,enables,almighty,
adventuresome,enabling,altruistic,
adventurous,encouraged,amazement,
advisable,encouragement,amazing,
adviser,encourages,ameliorate,
advisor,encouraging,amenable,
advocacy,enhance,amenity,
advocate#1,enhanced,amiability,
advocate#2,enhancement,amiable,
affability,enhancements,amicable,
affable,enhances,amnesty,
affection,enhancing,amour,
affectionate,enjoy,ample,
affiliate,enjoyable,amplify,
affiliation,enjoyably,amply,
affinity,enjoyed,amuse,
affirm,enjoying,amusement,
affirmation,enjoyment,angel,
affirmative,enjoys,angelic,
affix,enthusiasm,anoint,
affluence,enthusiastic,apocalypse,
affluent,enthusiastically,appeal#3,
afford#1,excellence,appease,
afford#2,excellent,append,
afloat,excelling,applaud,
agency,excels,applause,
aggregate,exceptional,appoint#1,
aggregation,exceptionally,appoint#2,
agile,excited,appreciable,
agility,excitement,appreciate,
agree#1,exciting,appreciation,
agreeable,exclusive,appreciative,
agreement,exclusively,apprehend,
aid#1,exclusiveness,approach#1,
aid#2,exclusives,approach#2,
air#4,exclusivity,appropriate#1,
alert,exemplary,approval,
alertness,fantastic,approve#1,
alight,favorable,approve#2,
alive,favorably,apt,
allegiance,favored,aptitude,
alleviate,favoring,arbiter,
alliance,favorite,arbitrate,
alliances,favorites,arbitration,
allied,friendly,ardent,
allies,gain,arisen,
allot,gained,aristocracy,
allow#1,gaining,aristocrat,
allowable,gains,aristocratic,
allowance,good,arrest#3,
allure,great,art#1,
ally#1,greater,art#4,
almighty,greatest,ascribe,
alter,greatly,aspiration,
altruistic,greatness,aspire,
amazement,happiest,assent,
amazing,happily,assertion,
ambassador,happiness,asset,
ambition,happy,assist#1,
ambitious,highest,assist#2,
ameliorate,honor,assistance,
amenable,honorable,assistant,
amenity,honored,associate#1,
amiability,honoring,associate#2,
amiable,honors,associate#3,
amicable,ideal,association#1,
amnesty,impress,association#2,
amour,impressed,assurance,
ample,impresses,assure#1,
amplify,impressing,assure#2,
amply,impressive,assure#3,
amuse,impressively,assuredly,
amusement,improve,astound,
anchor#2,improved,astute,
angel,improvement,athletic,
angelic,improvements,attachment,
anoint,improves,attain,
apocalypse,improving,attainment,
appeal#3,incredible,attend#1,
appease,incredibly,attendance,
append,influential,attentive,
applaud,informative,attract,
applause,ingenuity,attraction,
appoint#1,innovate,attractive,
appoint#2,innovated,attractiveness,
appraisal,innovates,attune,
appreciable,innovating,audible,
appreciate,innovation,augment,
appreciation,innovations,augmentation,
appreciative,innovative,auspicious,
apprehend,innovativeness,authentic,
approach#1,innovator,authenticity,
approach#2,innovators,authoritative,
appropriate#1,insightful,authority,
appropriate#2,inspiration,autonomous,
appropriation,inspirational,availability,
approval,integrity,avid,
approve#1,invent,award#1,
approve#2,invented,award#2,
apt,inventing,aware,
aptitude,invention,awareness,
arbiter,inventions,back#2,
arbitrate,inventive,back#5,
arbitration,inventiveness,backbone,
ardent,inventor,backer,
arise,inventors,backing,
arisen,leadership,ball#5,
aristocracy,leading,ball#6,
aristocrat,loyal,balmy,
aristocratic,lucrative,baptism,
arm#2,meritorious,baptize,
arm#3,opportunities,bargain,
armed#1,opportunity,basic#1,
armed#2,optimistic,basic#2,
army,outperform,beacon,
arose,outperformed,beauteous,
arrange#1,outperforming,beautify,
arrest#3,outperforms,beauty,
art#1,perfect,befit,
art#4,perfected,befitting,
articulate#2,perfectly,befriend,
ascend,perfects,behalf,
ascent,pleasant,beloved,
ascribe,pleasantly,benefactor,
aspiration,pleased,beneficent,
aspire,pleasure,beneficial,
assent,plentiful,beneficiary,
assert,popular,benefit#1,
assertion,popularity,benefit#2,
assessor,positive,benefit#3,
asset,positively,benevolence,
assign#2,preeminence,benevolent,
assist#1,preeminent,benign,
assist#2,premier,bequeath,
assistance,premiere,best,
assistant,prestige,bestow,
associate#1,prestigious,betroth,
associate#2,proactive,betrothal,
associate#3,proactively,better#1,
association#1,proficiency,better#2,
association#2,proficient,blameless,
assume#1,proficiently,bless#1,
assurance,profitability,bless#2,
assure,profitable,bless#3,
assure#1,profitably,bliss,
assure#2,progress,blissful,
assure#3,progressed,blithe,
assured,progresses,bloom,
assuredly,progressing,blossom,
assures,prospered,board#8,
assuring,prospering,boldness,
astound,prosperity,bolster,
astute,prosperous,bonny,
athletic,prospers,bonus,
atomic,rebound,boom,
attachment,rebounded,boost#1,
attain,rebounding,boost#2,
attained,receptive,boundless,
attaining,regain,bountiful,
attainment,regained,brainy,
attainments,regaining,brave,
attains,resolve,bravery,
attend#1,revolutionize,breadwinner,
attendance,revolutionized,bright,
attentive,revolutionizes,brightness,
attorney,revolutionizing,brilliance,
attract,reward,brilliant,
attraction,rewarded,brotherhood,
attractive,rewarding,brotherly,
attractiveness,rewards,buoyant,
attune,satisfaction,buy#2,
audible,satisfactorily,call#4,
auditor,satisfactory,calm#1,
augment,satisfied,calm#2,
augmentation,satisfies,calm#3,
auspicious,satisfy,calmness,
authentic,satisfying,candid,
authenticity,smooth,candor,
authoritarian,smoothing,capability,
authoritative,smoothly,capable,
authority,smooths,capitalize,
authorize#1,solves,captivation,
authorize#2,solving,care#1,
autonomous,spectacular,care#2,
avail,spectacularly,carefree,
availability,stability,careful,
avid,stabilization,caress#1,
award#1,stabilizations,caress#2,
award#2,stabilize,casual,
aware,stabilized,ceaseless,
awareness,stabilizes,celebrate,
axe,stabilizing,celebration,
back#2,stable,celebrity,
back#3,strength,ceremonial,
back#5,strengthen,champ,
backbone,strengthened,champion,
backer,strengthening,championship,
backing,strengthens,charisma,
balance#1,strengths,charitable,
balance#2,strong,charity,
ball#4,stronger,charm#1,
ball#5,strongest,charm#2,
ball#6,succeed,chaste,
ballot,succeeded,cheer,
balmy,succeeding,cheerful,
band#2,succeeds,cheery,
baptism,success,cherish#1,
baptize,successes,cherish#2,
bargain,successful,cherub,
base#1,successfully,chic,
base#2,superior,chivalrous,
basic#1,surpass,chivalry,
basic#2,surpassed,chosen#2,
beacon,surpasses,chum,
bear#_10,surpassing,civil#1,
bear#2,transparency,civility,
beauteous,tremendous,civilization,
beautiful,tremendously,civilize#1,
beautifully,unmatched,civilize#2,
beautify,unparalleled,clarify,
beauty,unsurpassed,clarity,
befit,upturn,classic,
befitting,upturns,clean#1,
befriend,valuable,clean#3,
behalf,versatile,cleanliness,
beloved,versatility,cleanse,
benefactor,vibrancy,clear#1,
beneficent,vibrant,clear#2,
beneficial,win,clear#3,
beneficially,winner,clear#4,
beneficiary,winners,clear#5,
benefit,winning,clearness,
benefit#1,worthy,clever,
benefit#2,,closeness,
benefit#3,,clout,
benefited,,co-operation,
benefiting,,coax,
benefitted,,coddle,
benefitting,,coexistence,
benevolence,,cogent,
benevolent,,cognizance,
benign,,cognizant,
bequeath,,coherent,
best,,cohesion,
bestow,,cohort,
betroth,,coincident,
betrothal,,collaborate,
better,,collaboration,
better#1,,colleague,
better#2,,colossal,
bicep,,comeback,
big,,comedy,
bishop,,comely,
blameless,,comestible,
bless#1,,comfort#1,
bless#2,,comfort#2,
bless#3,,comfort#3,
bliss,,comfortable,
blissful,,comic,
blithe,,comical,
bloc,,commemorate,
blockade,,commemoration,
bloom,,commencement,
blossom,,commend,
blow#2,,commendable,
board#1,,commendation,
board#8,,commensurate,
body#4,,commission,
bold,,commitment,
boldness,,commodious,
bolster,,common#1,
bolstered,,common#4,
bolstering,,commonsense,
bolsters,,communal,
bond,,commune,
bonny,,communicate#1,
bonus,,communicate#2,
boom,,communicative,
booming,,communion,
boost,,community,
boost#1,,companion,
boost#2,,companionship,
boosted,,company#2,
bore#3,,compassion,
boss,,compassionate,
bound#2,,compatible,
boundless,,compensate,
bountiful,,compensation,
box#4,,competence,
boxer,,competency,
brace#1,,competent,
brace#2,,complement#1,
brainy,,complement#2,
brave,,complementary,
bravery,,complete#1,
breadwinner,,complete#2,
breakthrough,,completeness,
breakthroughs,,completion,
bridge#3,,compliance,
bright,,compliment,
brightness,,composure,
brilliance,,comprehend,
brilliant,,comprehension,
bring#2,,comprehensive,
bring#4,,compromise#1,
broad,,compromise#2,
broaden,,concession,
broadness,,conclusive,
broke#1,,concur,
brotherhood,,condone,
brotherly,,conducive,
build#3,,confederation,
build#4,,confer,
bulk,,confidant,
buoyant,,confide,
burst#1,,confidence#1,
burst#2,,confident,
busy,,congenial,
buy#2,,congratulate,
call#4,,congratulation,
calm#1,,congratulatory,
calm#2,,congregate,
calm#3,,conjunction,
calmness,,conjure,
campaign#1,,connect,
can,,conquer,
candid,,conqueror,
candor,,conquest,
capability,,conscience,
capable,,conscientious,
capacity#1,,consensus,
capital#1,,consent#1,
capitalize,,consent#2,
captain,,conserve,
captivation,,consider#1,
care#1,,consider#2,
care#2,,considerate,
carefree,,consideration#1,
careful,,consign,
caress#1,,consistency,
caress#2,,consistent,
carry#1,,console,
carry#2,,consolidate,
cast#2,,constancy,
cast#3,,constructive,
casual,,consult,
catch#1,,consultation,
catch#4,,consummate,
caught#1,,contact#1,
caught#2,,contact#2,
causal,,content#3,
cause#1,,content#4,
cause#3,,content#5,
cavalry,,contentment,
ceaseless,,continuity,
celebrate,,contribute#1,
celebration,,contribute#2,
celebrity,,contribution,
cement#1,,contributor,
cement#2,,convene,
center#1,,conviction,
center#2,,convince#1,
central,,convince#2,
ceremonial,,cooperate,
certain#1,,cooperation,
certain#2,,cooperative#1,
certain#3,,cooperative#2,
certain#4,,cooperative#3,
certainty,,coordinate,
certificate,,coordination,
certification,,cordial,
certify,,correct#1,
chairman,,correct#2,
chairmen,,correct#3,
champ,,correction,
champion,,council,
championship,,counsel#1,
chancellor,,counsel#2,
channel#2,,courage,
charge#1,,courageous,
charge#8,,courteous,
charge#9,,courtesy,
charisma,,courtly,
charitable,,covenant,
charity,,cozy,
charm#1,,create,
charm#2,,creative,
chaste,,creativity,
cheer,,credentials,
cheerful,,credibility,
cheery,,credible,
cherish#1,,credit#2,
cherish#2,,credit#4,
cherub,,crusade,
chic,,crusader,
chief#1,,cuddle,
chief#2,,culminate,
chief#3,,culmination,
chivalrous,,cultivate#1,
chivalry,,cultivate#2,
chosen#2,,cultivation,
chum,,culture#2,
circle#2,,cupid,
civil#1,,cure#1,
civility,,cure#2,
civilization,,curtsey,
civilize#1,,cute,
civilize#2,,dance#1,
clarify,,dance#2,
clarity,,dance#3,
classic,,dare,
clean#1,,daring,
clean#3,,darling,
cleanliness,,dauntless,
cleanse,,dawn#2,
clear#1,,dazzle,
clear#2,,deal#1,
clear#3,,dear#1,
clear#4,,dear#2,
clear#5,,decency,
clear#6,,decent,
clearness,,decipher,
clever,,decorate,
climax,,decoration,
climb,,decorative,
closeness,,dedicate#1,
clout,,dedicate#2,
club#1,,dedication,
cluster#1,,deduce,
cluster#2,,defend,
coalition,,defender,
coax,,defense,
coddle,,deference,
coexistence,,definitive,
cogent,,delicacy,
cognizance,,delicate,
cognizant,,delight#1,
coherent,,delight#2,
cohesion,,delightful,
cohort,,dependability,
coincident,,dependable,
collaborate,,descry,
collaborated,,deserve,
collaborates,,deservedly,
collaborating,,desirable,
collaboration,,desirous,
collaborations,,devote#1,
collaborative,,devote#2,
collaborator,,devotion,
collaborators,,devout,
collar#2,,dexterity,
colleague,,dig#1,
collect#1,,dignified,
collective,,dignify,
colonel,,dignity,
colossal,,diligent,
combine#1,,discern,
combine#2,,discreet,
combustion,,discretion,
comeback,,discuss,
comedy,,distinct,
comely,,distinction,
comestible,,distinctive,
comfort#1,,distinguish#1,
comfort#2,,distinguish#2,
comfort#3,,distinguished,
comfortable,,divine#1,
comic,,divine#2,
comical,,divinity,
command#1,,dominance,
command#2,,donate,
commander,,donation,
commemorate,,dote,
commemoration,,doubtless,
commencement,,dreamland,
commend,,durability,
commendable,,durable,
commendation,,dynamic,
commensurate,,eager,
commission,,eagerness,
commissioner,,earnest,
commitment,,earnestness,
committee,,ease#1,
commodious,,ease#2,
common#1,,easy#1,
common#4,,easy#2,
commonsense,,easy#3,
commonwealth,,easy#4,
communal,,economize,
commune,,ecstasy,
communicate#1,,ecstatic,
communicate#2,,edible,
communicative,,educated#1,
communion,,education,
community,,educational,
companion,,effective,
companionship,,effectiveness,
company#1,,efficacy,
company#2,,efficiency,
compassion,,efficient,
compassionate,,elaborate,
compatible,,elaboration,
compensate,,elate,
compensation,,elegance,
competence,,elegant,
competency,,eloquent,
competent,,embellish,
complement#1,,embrace#1,
complement#2,,embrace#2,
complementary,,eminence,
complete#1,,eminent,
complete#2,,empathy,
complete#4,,empower,
completeness,,empowerment,
completion,,enable,
compliance,,enchant#1,
compliment,,enchant#2,
complimentary,,enchantment,
complimented,,encourage#1,
complimenting,,encourage#2,
compliments,,encouragement,
composure,,endear,
compound#1,,endorse,
compound#2,,endow,
comprehend,,endurance,
comprehension,,energetic,
comprehensive,,energize,
compress#1,,engage#5,
compress#2,,enhance,
compression,,enhancement,
compromise#1,,enjoy,
compromise#2,,enjoyable,
concentrate#1,,enjoyment,
concentrate#2,,enlighten#1,
concentration#1,,enlighten#2,
concentration#2,,enlightenment,
concession,,enrich,
conclusive,,enrichment,
conclusively,,ensemble,
concrete,,ensure,
concur,,entertain#1,
condone,,entertain#2,
conducive,,entertainment,
confederation,,enthusiasm,
confer,,enthusiastic,
confidant,,entrepreneurial,
confide,,entrust,
confidence#1,,envision,
confident,,equality,
confirm#1,,equitable,
confirm#2,,equity,
confirmation,,essential#1,
congenial,,essential#2,
congratulate,,establish#1,
congratulation,,establish#2,
congratulatory,,esteem,
congregate,,ethical,
congregation,,ethics,
congress#1,,etiquette,
congress#2,,even#4,
congressional,,even#5,
congressman,,everlasting,
congressmen,,exact#1,
conjunction,,exact#2,
conjure,,exalt,
connect,,excel,
conquer,,excellence,
conqueror,,excellent,
conquest,,excite#1,
conscience,,excite#2,
conscientious,,excited#2,
consensus,,excitedness,
consent#1,,excitement,
consent#2,,exertion,
conserve,,exhilaration,
consider#1,,exotic,
consider#2,,experience#1,
considerable#1,,experience#3,
considerable#2,,expert#1,
considerate,,expert#2,
consideration#1,,exquisite,
consign,,extol,
consistency,,extraordinary,
consistent,,extravagance,
console,,exuberance,
consolidate,,exuberant,
constable,,exult,
constancy,,exultation,
constant#1,,eye#3,
constant#2,,fabulous,
constitute,,facilitate,
constitution,,factual,
constitutional,,fair#1,
construct,,fair#4,
construction,,fair#5,
constructive,,fairness,
constructively,,faith#1,
consult,,faith#2,
consultation,,faithful,
consummate,,faithfulness,
contact#1,,fame,
contact#2,,familiar,
contain,,familiarity,
content#3,,familiarize,
content#4,,famous,
content#5,,fancy,
contention,,fantastic,
contentment,,fantasy,
contest#1,,farsighted,
contest#2,,fascination,
continual#1,,fashionable,
continual#2,,favor#1,
continue#1,,favor#2,
continue#2,,favor#3,
continuity,,favor#4,
continuous,,favor#5,
contract#1,,favorable,
contribute#1,,favorite,
contribute#2,,fearless,
contribution,,feasible,
contributor,,feast#1,
control#1,,feast#2,
control#2,,fellow#2,
control#3,,fellowship,
control#4,,fertile,
controller,,fervent,
convene,,fervor,
convert#2,,festival,
conviction,,festive,
convince#1,,festivity,
convince#2,,fidelity,
convinced#1,,fiery,
convinced#2,,filial,
cooperate,,fill#4,
cooperation,,fine#1,
co-operation,,fine#2,
cooperative#1,,fine#3,
cooperative#2,,fine#4,
cooperative#3,,fine#5,
coordinate,,firmness,
coordination,,fit#2,
cop,,fit#5,
cordial,,fitness,
core,,flair,
corporal,,flashy,
corporate,,flatter,
corporation,,flattery,
correct#1,,flaunt,
correct#2,,flawless,
correct#3,,flexible,
correction,,flirt,
council,,flourish,
counsel#1,,fluent,
counsel#2,,fond#1,
countless,,fond#2,
courage,,fond#3,
courageous,,fond#4,
court#1,,fond#5,
court#3,,fond#6,
courteous,,fond#7,
courtesy,,fondness,
courtly,,foremost,
covenant,,foresight,
cover#2,,forgave,
cozy,,forgive,
cream#2,,forgiven,
create,,forgiveness,
creation,,formality,
creative,,fortify,
creatively,,fortitude,
creativeness,,fortunate,
creativity,,forward#1,
creator,,foster,
credentials,,fragrant,
credibility,,frank,
credible,,free#1,
credit#2,,free#2,
credit#4,,free#3,
crowd#1,,free#4,
crowd#3,,free#5,
crown#1,,freedom,
crown#2,,fresh,
crusade,,friend,
crusader,,friendly,
cuddle,,friendship,
culminate,,frolic,
culmination,,frugal,
cultivate#1,,fruitful,
cultivate#2,,fruition,
cultivation,,fulfill,
culture#2,,fulfillment,
cumulative,,fullness,
cupid,,fun#1,
curb#2,,funny#1,
cure#1,,funny#2,
cure#2,,funny#3,
curtsey,,gaiety,
cute,,gaily,
dance#1,,gain#1,
dance#2,,gain#2,
dance#3,,gallant,
dare,,gallantry,
daring,,game#3,
darling,,garnish,
dauntless,,gay,
dawn#2,,generate,
dazzle,,generosity,
deal#1,,generous,
dean,,genial,
dear#1,,genius,
dear#2,,gentle,
decency,,genuine,
decent,,giddy,
decide#1,,gift,
decide#2,,gifted,
decide#3,,give#1,
decipher,,give#4,
decision,,glad#1,
decisive,,glad#2,
declaration,,gladden,
declare,,gladness,
decorate,,glamorous,
decoration,,glamour,
decorative,,gleam#1,
dedicate#1,,gleam#2,
dedicate#2,,glean,
dedication,,glee,
deduce,,glimmer,
deep#1,,glisten#1,
deep#2,,glisten#2,
deep#3,,glitter#1,
deep#4,,glitter#2,
deepen,,glorify,
defend,,glorious,
defender,,glory,
defense,,glossy,
deference,,glow#1,
definite,,glow#2,
definitive,,godlike,
delegate,,godliness,
delegation,,gold,
deliberate#1,,golden,
deliberate#2,,good#1,
delicacy,,goodbye,
delicate,,goodness,
delight,,gorgeous,
delight#1,,grace,
delight#2,,graceful,
delighted,,gracious,
delightful,,graduation,
delightfully,,grand,
delighting,,grandeur,
delights,,grateful,
deliver,,gratification,
delivery,,gratify,
demand#1,,gratitude,
demand#2,,great#1,
demand#3,,great#2,
demand#4,,great#3,
demonstrate,,greatness,
demonstration#1,,greet#1,
demonstration#2,,greet#2,
dense,,groom,
density,,guarantee#1,
dependability,,guarantee#2,
dependable,,guardian,
deploy,,guide#1,
depth,,guide#2,
descry,,guide#4,
deserve,,gusto,
deservedly,,hallowed,
designate#2,,hand#9,
desirable,,handsome,
desired,,handy,
desirous,,happiness,
despite,,happy#1,
destined,,happy#2,
destiny,,happy#3,
determination,,happy#4,
determine#1,,hardy,
determine#2,,harmless,
determine#3,,harmonious,
develop,,harmonize,
development,,harmony,
devote#1,,harness,
devote#2,,haven,
devotion,,heal,
devout,,health,
dexterity,,healthful,
dictator,,healthy#1,
dictatorship,,healthy#2,
dig#1,,healthy#3,
dignified,,heart#4,
dignify,,heartily,
dignity,,heaven,
diligent,,heavenly,
diligently,,help#1,
diplomacy,,help#2,
diplomatic,,help#4,
direct#1,,helpful,
direct#2,,hero,
direct#3,,heroic,
direction#2,,heroine,
director,,heroism,
discern,,highlight,
discipline#1,,hilarious,
discipline#2,,hit#5,
discreet,,holy,
discretion,,homage,
discuss,,home,
displacement,,honest#1,
dissolve#1,,honest#2,
dissolve#2,,honest#3,
distinct,,honeymoon,
distinction,,honor#1,
distinctions,,honor#2,
distinctive,,honor#3,
distinctively,,honorable,
distinctiveness,,hope#1,
distinguish#1,,hope#2,
distinguish#2,,hopeful,
distinguished,,hospitable,
divine#1,,hug,
divine#2,,human,
divinity,,humanitarian,
do#1,,humanity,
dominance,,humble,
dominant,,humility,
donate,,humor,
donation,,humorous,
done,,hygiene,
dote,,ideal#1,
double#1,,ideal#2,
double#2,,ideal#3,
double#7,,idealism,
doubtless,,idol,
draft#1,,idolize,
draw#3,,illuminate,
dream,,illustrious,
dreamland,,imagination,
drive#1,,imaginative,
drive#5,,immaculate,
drive#6,,immortal,
drove#1,,impartial,
durability,,impartiality,
durable,,imperative,
dynamic,,impervious,
eager,,impetus,
eagerness,,importance,
earn#1,,important,
earn#2,,impress#1,
earn#3,,impressive,
earner,,improve#1,
earnest,,improve#2,
earnestness,,improve#3,
ease#1,,improvement,
ease#2,,impunity,
easier,,inaugurate,
easily,,inauguration,
easy,,independence,
easy#1,,independent#1,
easy#2,,independent#2,
easy#3,,indescribable,
easy#4,,indicative,
economize,,indispensability,
ecstasy,,indispensable,
ecstatic,,individuality,
edible,,indomitable,
editor,,indulgence,
educate,,industrious,
educated#1,,inexpensive,
educated#2,,infallibility,
education,,infallible,
educational,,infer,
effect#2,,inference,
effective,,inform#1,
effectiveness,,inform#2,
efficacy,,ingenious,
efficiencies,,ingenuity,
efficiency,,inherit,
efficient,,innocence,
efficiently,,innocent,
elaborate,,innovate,
elaboration,,innovative,
elate,,inquisitive,
elder#1,,inseparable,
elder#2,,insight,
elect#1,,insistent,
elect#2,,inspiration,
election,,inspirational,
electoral,,inspire#1,
elegance,,inspire#2,
elegant,,instinctive,
elevate#1,,integrity,
elevate#2,,intellect,
elite,,intellectual#1,
eloquent,,intellectual#2,
emancipation,,intellectual#3,
embassy,,intelligence,
embellish,,intelligent,
embrace#1,,intelligible,
embrace#2,,intercede,
eminence,,intercourse,
eminent,,interest#1,
empathy,,interest#3,
emperor,,interest#4,
emphasis,,interested#1,
emphasize,,interested#2,
emphatic,,interpose,
employ,,intimacy,
employer,,intimate,
empower,,intricate,
empowered,,intrigue,
empowering,,invaluable,
empowerment,,inventor,
empowers,,invincible,
enable,,invitation,
enabled,,invite#1,
enables,,invite#2,
enabling,,invulnerable,
enact,,irresistible,
enactment,,jest,
enchant#1,,join#2,
enchant#2,,jointly,
enchantment,,joke#1,
enclose#1,,joke#2,
enclose#2,,joke#3,
encompass,,jolly,
encourage#1,,joy,
encourage#2,,joyful,
encouraged,,jubilant,
encouragement,,jubilee,
encourages,,just#3,
encouraging,,just#4,
endear,,justice,
endless,,justifiably,
endorse,,justification,
endow,,justify,
endurance,,keen,
endure#1,,kid#2,
endure#2,,kind#2,
energetic,,kind#5,
energize,,kindness,
energy,,kiss#1,
enforcement,,kiss#2,
engage#5,,know#3,
enhance,,know#4,
enhanced,,knowledge,
enhancement,,laudable,
enhancements,,laugh#1,
enhances,,laugh#2,
enhancing,,laugh#5,
enjoy,,laugh#6,
enjoyable,,laughter,
enjoyably,,lavish,
enjoyed,,law,
enjoying,,lawful,
enjoyment,,lead#4,
enjoys,,learn#2,
enlighten#1,,learn#3,
enlighten#2,,learner,
enlightenment,,legal,
enormous,,legitimacy,
enrich,,legitimate,
enrichment,,leisure,
ensemble,,liberal#2,
ensure,,liberal#3,
enterprise,,liberalism,
entertain#1,,liberate,
entertain#2,,liberty,
entertainment,,lifelong,
enthusiasm,,light#1,
enthusiastic,,light#3,
enthusiastically,,likable,
entire,,like#2,
entitle,,like#3,
entrepreneurial,,live#6,
entrust,,lively,
envision,,logic,
equal#3,,logical,
equality,,longevity,
equilibrium,,love#1,
equip,,love#2,
equitable,,love#3,
equity,,love#4,
erect#1,,loveliness,
erect#2,,lovely,
escape#1,,lover#1,
escape#2,,lover#2,
essence,,loyal,
essential#1,,loyalty,
essential#2,,lucid,
establish#1,,luck,
establish#2,,luckily,
esteem,,lucky,
eternal,,lucrative,
ethical,,luminous,
ethics,,lust,
etiquette,,luster,
even#4,,lustrous,
even#5,,luxuriant,
ever#3,,luxurious,
everlasting,,luxury,
every,,lyric,
evidence#1,,lyrical,
evidence#2,,magical,
exact#1,,magnetic,
exact#2,,magnificence,
exact#3,,magnificent,
exact#4,,main#1,
exalt,,majestic,
examine,,majesty,
examiner,,major#1,
exceed,,make#6,
excel,,make#7,
excellence,,manageable,
excellent,,manly,
excelling,,marital,
excels,,marriage,
exceptional,,marry#1,
exceptionally,,marry#2,
excite#1,,marvel,
excite#2,,marvelous,
excited,,masterful,
excited#2,,mastery,
excitedness,,matchless,
excitement,,mate#1,
exciting,,mate#2,
exclusive,,matter#4,
exclusively,,mature#1,
exclusiveness,,mature#2,
exclusives,,mature#3,
exclusivity,,maturity,
excuse#2,,maximize,
execution,,meaningful,
executive,,measurable,
exemplary,,mediate,
exercise#1,,meditation,
exercise#2,,meet#5,
exert,,mellow,
exertion,,melody,
exhilaration,,memorable,
exotic,,mend,
expand#1,,mentor,
expand#2,,merciful,
expanse,,mercy,
expansion,,merit#1,
experience#1,,merit#2,
experience#3,,meritorious,
expert#1,,merrily,
expert#2,,merriment,
exploit#1,,merry,
exquisite,,mesh,
extend#1,,meticulous,
extension,,mighty,
extensive,,mild,
extol,,mind#_10,
extraordinary,,mindful,
extravagance,,minister#4,
extreme#1,,mint,
extreme#2,,miracle,
exuberance,,miraculous,
exuberant,,mirth,
exult,,mobility,
exultation,,mobilize,
eye#3,,moderate,
fabulous,,moderation,
face#2,,modernity,
facilitate,,modest,
facility,,modesty,
factual,,momentous,
faculty#2,,monumental,
fair#1,,moral,
fair#4,,morale,
fair#5,,moralistic,
fairness,,morality,
faith#1,,motivate,
faith#2,,motivated,
faithful,,motivation,
faithfulness,,motive,
fame,,multitude,
familiar,,mutual#1,
familiarity,,mutual#2,
familiarize,,myriad,
famous,,natural#1,
fancy,,natural#2,
fantastic,,navigable,
fantasy,,neat,
farsighted,,necessarily,
fascination,,negotiate,
fashionable,,nice#1,
fast#1,,nice#2,
fast#2,,nice#3,
fast#3,,nice#4,
fast#5,,niche,
fast#6,,nimble,
fate,,nobility,
father,,noble,
fathom#1,,nobleman,
fathom#2,,noiseless,
favor#1,,nominate,
favor#2,,non-violence,
favor#3,,non-violent,
favor#4,,normal,
favor#5,,notable,
favorable,,notoriety,
favorably,,nourish,
favored,,nourishment,
favoring,,novelty,
favorite,,nurse#2,
favorites,,nurture,
fearless,,nutrient,
feasible,,oasis,
feast#1,,obedience,
feast#2,,obedient,
federation,,obey,
feed#1,,objective#2,
fellow#2,,objective#3,
fellowship,,oblige,
fence#2,,obtain,
fertile,,obtainable,
fervent,,offer#1,
fervor,,offer#2,
festival,,offer#3,
festive,,offset,
festivity,,onset,
few#3,,onward,
fidelity,,open#1,
fiery,,open#2,
filial,,opportune,
fill#1,,opportunity,
fill#2,,optimal,
fill#4,,optimism,
final#1,,optimistic,
final#2,,optional,
finance#1,,order#2,
finance#2,,order#5,
fine#1,,order#6,
fine#2,,organize#1,
fine#3,,organize#2,
fine#4,,originality,
fine#5,,outgoing,
firm#2,,outlive,
firm#3,,outright,
firm#4,,outrun,
firm#5,,outset,
firmness,,outstanding,
fit#2,,outwit,
fit#5,,overcome,
fitness,,overjoyed,
fix#1,,painstaking,
flair,,palatable,
flashy,,palatial,
flatter,,pamper,
flattery,,paradise,
flaunt,,paramount,
flawless,,pardon#1,
fleet,,pardon#2,
flew,,particular#1,
flexible,,partner,
flirt,,partnership,
flood#1,,pass#2,
flood#2,,passionate,
floor#3,,patience,
flourish,,patient#2,
fluent,,patient#3,
fly#2,,patriot,
fly#4,,patriotic,
focal,,patron,
fond#1,,patronage,
fond#2,,pay#4,
fond#3,,peace#1,
fond#4,,peace#2,
fond#5,,peaceable,
fond#6,,peaceful,
fond#7,,peerless,
fondness,,perfect#1,
force#1,,perfect#2,
force#2,,perfect#3,
force#4,,perfection,
foremost,,perfectionism,
foresight,,perfectionist,
forever,,perfume,
forgave,,permission,
forgive,,permit#1,
forgiven,,perseverance,
forgiveness,,persevere,
formality,,persuasive,
formation,,pertinent,
fort,,picturesque,
fortify,,piety,
fortitude,,pinnacle,
fortunate,,pious,
fortune#1,,plain#1,
fortune#2,,plain#3,
forward#1,,plain#4,
foster,,plain#5,
found#2,,plausibility,
found#3,,playful,
foundation,,playmate,
founder#1,,plaything,
fragrant,,pleasant#1,
frame#1,,pleasant#2,
frame#2,,pleasantry,
frank,,please#2,
free#1,,please#3,
free#2,,pleased#1,
free#3,,pleased#2,
free#4,,pleasurable,
free#5,,pleasure,
freedom,,pledge,
fresh,,plentiful,
friend,,plenty,
friendly,,poetic,
friendship,,poignant,
frolic,,poise#1,
frugal,,polish,
fruitful,,polite,
fruition,,politeness,
fuck,,pomp,
fulfill,,popular,
fulfillment,,popularity,
full#1,,populous,
full#2,,portable,
full#3,,positive,
full#4,,positiveness,
fullness,,positivity,
fun#1,,posterity,
function#1,,potency,
function#4,,potent,
fundamental,,practicable,
funny#1,,practical#1,
funny#2,,praise#1,
funny#3,,praise#2,
further#1,,prance,
further#3,,precaution,
gaiety,,precedent,
gaily,,precept,
gain,,precious,
gain#1,,precise,
gain#2,,precision,
gained,,preeminent,
gaining,,preference,
gains,,premier,
gallant,,premise,
gallantry,,premium,
game#3,,preparatory,
gang,,prestige,
garnish,,prettily,
gay,,pretty#2,
general#3,,pretty#3,
generate,,pretty#4,
generosity,,pretty#5,
generous,,priceless,
genial,,pride,
genius,,primarily,
gentle,,prime,
genuine,,principal#1,
giant#1,,principle#1,
giant#2,,principle#2,
giddy,,principle#4,
gift,,privacy,
gifted,,privileged,
gigantic,,privy,
give#1,,prize,
give#4,,pro,
giver,,proactive,
glad#1,,prodigious,
glad#2,,prodigy,
gladden,,productive,
gladness,,productivity,
glamorous,,profess,
glamour,,proffer,
gleam#1,,proficient,
gleam#2,,profit#1,
glean,,profit#2,
glee,,profitable,
glimmer,,profound,
glisten#1,,progress#1,
glisten#2,,progress#2,
glitter#1,,progressive,
glitter#2,,prolific,
glorify,,prominence,
glorious,,prominent,
glory,,promise#3,
glossy,,promise#4,
glow#1,,prompt#1,
glow#2,,prompt#2,
go#2,,promptly,
go#6,,proper,
god,,propitious,
goddess,,proprietary,
godlike,,propriety,
godliness,,prosecute,
gold,,prosper,
golden,,prosperity,
gone#2,,prosperous,
good,,protect,
good#1,,protection,
goodbye,,protective,
goodness,,protector,
gorgeous,,proud,
govern#1,,provide#1,
govern#2,,providence,
government,,prowess,
governmental,,prudence,
governor,,prudent,
grace,,punctual,
graceful,,pure,
gracious,,purification,
graduation,,purify,
grand,,purity,
grandeur,,purposeful,
grant#2,,purr,
grasp#1,,quaint,
grasp#2,,qualify#1,
grateful,,qualify#3,
gratification,,quality#2,
gratify,,quench,
gratitude,,quicken,
gravitational,,radiance,
gravity,,radiant,
great,,radiate,
great#1,,rally,
great#2,,rapport,
great#3,,rapt,
greater,,rapture,
greatest,,rational,
greatly,,rave,
greatness,,readily,
greet#1,,real#1,
greet#2,,realistic,
grind#2,,realistically,
grip#1,,reap,
grip#2,,reasonable,
groom,,reassurance,
ground#2,,reassure,
ground#3,,receptive,
ground#4,,reclaim,
grow#1,,recline,
grow#2,,recompense,
grow#3,,reconcile,
grow#4,,reconciliation,
grow#5,,recreation,
grower,,redeem,
grown#1,,redemption,
grown#6,,reestablish,
growth,,refine,
guarantee#1,,refinement,
guarantee#2,,refuge,
guard#1,,regal,
guard#2,,regard#3,
guardian,,rehabilitation,
guidance,,reinforcement,
guide#1,,reinstate,
guide#2,,rejoice,
guide#4,,relaxation,
guild,,relevance,
gusto,,relevancy,
hallowed,,relevant,
halt,,reliability,
hand#_10,,reliable,
hand#8,,relief,
hand#9,,relieve#3,
handle#1,,religious#1,
handle#3,,relish,
handsome,,remarkable,
handy,,remarkably,
happiest,,remedy,
happily,,remodel,
happiness,,renaissance,
happy,,renewal,
happy#1,,renovate,
happy#2,,renovation,
happy#3,,renown,
happy#4,,repair#1,
harbor#2,,repair#2,
hard#2,,reparation,
hardy,,repent,
harmless,,repentance,
harmonious,,repose,
harmonize,,reputable,
harmony,,rescue#1,
harness,,rescue#2,
have#2,,resolute,
haven,,resolve#1,
head#2,,resolve#2,
head#3,,resolved,
headquarters,,resound,
heal,,resourceful,
health,,resourcefulness,
healthful,,respect#1,
healthy#1,,respect#2,
healthy#2,,respect#5,
healthy#3,,respectable,
heart#3,,respectful,
heart#4,,respite,
heartily,,resplendent,
heat#2,,responsibility,
heaven,,responsible#1,
heavenly,,responsive,
heavy#1,,restful,
heavy#2,,restoration,
heavy#3,,restore,
heavy#4,,resurrect,
heighten,,return#2,
help#1,,return#5,
help#2,,reunion,
help#4,,reunite,
helpful,,revel,
herd#1,,revelation,
herd#2,,revere,
hero,,reverence,
heroic,,reverent,
heroine,,reverently,
heroism,,revitalize,
high#1,,revival,
high#3,,revive,
high#4,,reward#1,
high#5,,reward#2,
highest,,reward#3,
highlight,,rich#1,
hilarious,,rich#2,
hire,,rich#3,
hit#2,,rich#4,
hit#5,,rich#5,
hold#3,,rich#6,
hold#5,,riches,
holder,,richness,
holy,,right#1,
homage,,right#6,
home,,righteous,
honest#1,,righteousness,
honest#2,,rightful,
honest#3,,ripe,
honeymoon,,ripen,
honor,,robust,
honor#1,,romance,
honor#2,,romantic,
honor#3,,romanticize,
honorable,,rosy,
honored,,round#4,
honoring,,rouse,
honors,,sacred,
hope#1,,safe#1,
hope#2,,safe#2,
hopeful,,safe#3,
hospitable,,safe#4,
house#2,,safeguard,
hug,,safety#2,
huge,,sagacity,
human,,sage,
humanitarian,,saint,
humanity,,salutary,
humble,,salutation,
humility,,salute,
humor,,salvation,
humorous,,sanctify,
hygiene,,sanctuary,
ideal,,sane,
ideal#1,,sanguine,
ideal#2,,sanitary,
ideal#3,,sanity,
idealism,,satisfaction,
idol,,satisfactorily,
idolize,,satisfactory,
illuminate,,satisfy#1,
illustrious,,satisfy#2,
imagination,,satisfy#3,
imaginative,,save#1,
immaculate,,savings,
immense,,savor,
immortal,,savvy,
impact,,scamper,
impartial,,scruples,
impartiality,,scrupulous,
impel,,secure#2,
imperative,,secure#3,
imperial,,security#1,
imperialist,,security#2,
impervious,,selective,
impetus,,self-contained,
implement,,self-respect,
implementation,,semblance,
importance,,sensational,
important,,sense#3,
impress,,sense#5,
impress#1,,sensible,
impressed,,sensitive,
impresses,,sensitivity,
impressing,,serene,
impressive,,serious,
impressively,,seriousness,
improve,,settle#4,
improve#1,,share#1,
improve#2,,share#3,
improve#3,,share#4,
improved,,shelter#1,
improvement,,shelter#2,
improvements,,shield,
improves,,shiny,
improving,,shrewd,
impunity,,shrewdness,
inaugurate,,significance,
inauguration,,significant,
include,,signify,
increase#1,,simplicity,
increase#2,,simplify#1,
increase#3,,simplify#2,
increase#4,,sincere,
increase#5,,sincerity,
incredible,,skill#1,
incredibly,,skill#2,
independence,,skillful,
independent#1,,sleek,
independent#2,,smart#1,
independent#4,,smart#2,
indescribable,,smart#4,
indicative,,smile#1,
indispensability,,smile#2,
indispensable,,smile#3,
indisputable,,smile#4,
individuality,,smitten,
indomitable,,sober,
induce,,sociable,
indulgence,,softness,
industrial,,solace,
industrialize,,solution,
industrious,,soothe,
industry,,sophisticated,
inevitability,,sought,
inevitable,,sound#4,
inexpensive,,sound#6,
infallibility,,soundness,
infallible,,spare#2,
infantry,,sparkle,
infer,,special,
inference,,spectacular,
infinite,,speedily,
influence#1,,splendid,
influence#2,,splendor,
influential,,spotless,
inform#1,,sprightly,
inform#2,,squarely,
informative,,stability,
ingenious,,stabilize,
ingenuity,,stable,
inherent,,stand#5,
inherit,,standardize,
initiate,,staple,
initiative,,stately,
inner,,statuesque,
innocence,,staunch,
innocent,,staunchness,
innovate,,steadfast,
innovated,,steadfastness,
innovates,,steadiness,
innovating,,steady,
innovation,,stimulate,
innovations,,stimulation,
innovative,,stood#4,
innovativeness,,straight#3,
innovator,,straightforward,
innovators,,strut,
innumerable,,stud,
inquisitive,,studious,
inseparable,,stupendous,
insight,,sturdy,
insightful,,stylish,
insist,,suave,
insistence,,sublime,
insistent,,subscribe,
inspect,,subscription,
inspection,,subsidize,
inspiration,,subsidy,
inspirational,,subsist,
inspire#1,,subsistence,
inspire#2,,substantiate,
instinctive,,subtle,
institution,,succeed#1,
institutional,,success,
instruct,,successful,
instruction,,suffice,
instructor,,sufficient,
instrumental,,suit#3,
intact,,suit#4,
integration,,suitable,
integrity,,summit,
intellect,,sumptuous,
intellectual#1,,super,
intellectual#2,,superior,
intellectual#3,,superiority,
intelligence,,superlative,
intelligent,,support#1,
intelligible,,support#2,
intense,,support#3,
intensify,,support#4,
intensity,,supportive,
intensive,,supreme#1,
intercede,,supreme#2,
intercourse,,surge,
interest#1,,surmise,
interest#3,,surmount,
interest#4,,surpass,
interested#1,,survival,
interested#2,,survive,
internal,,survivor,
interpose,,sweet#1,
intimacy,,sweet#3,
intimate,,sweet#4,
intricate,,sweet#5,
intrigue,,sweeten,
invaluable,,sweetheart,
invariable,,sweetness,
invariably,,swiftness,
invent,,swoon,
invented,,sworn,
inventing,,symbolize,
invention,,symmetry,
inventions,,sympathetic,
inventive,,sympathize,
inventiveness,,sympathy,
inventor,,synthesis,
inventors,,tact,
inventory,,tactics,
invincible,,talent,
invitation,,talented,
invite#1,,taste#2,
invite#2,,temperance,
involve#1,,temperate,
invulnerable,,tempt,
iron#1,,tenacious,
irrefutable,,tenacity,
irresistible,,tenderness,
issue#3,,terrific,
jest,,thank#1,
join#2,,thank#2,
join#3,,thank#3,
jointly,,thankful,
joke#1,,therapeutic,
joke#2,,thorough,
joke#3,,thoughtful,
jolly,,thoughtfulness,
joy,,thrift,
joyful,,thrifty,
jubilant,,thrill,
jubilee,,thrive,
judge#1,,tingle#1,
judge#2,,togetherness,
judge#3,,tolerance,
judgment#2,,tolerant,
judicial,,tolerate,
junta,,toleration,
jurisdiction,,topmost,
juror,,tradition,
jury,,traditional,
just#3,,train#4,
just#4,,tranquil,
justice,,tranquility,
justifiably,,travel#4,
justification,,treasure#1,
justify,,treasure#2,
keen,,treat#2,
keep#2,,treatise,
keep#4,,treaty,
keep#5,,tremendous#1,
keeper,,tremendous#2,
kick#2,,tribute,
kid#2,,triumph#1,
kind#2,,triumph#2,
kind#5,,triumphal,
kindness,,triumphant,
king,,trophy,
kiss#1,,true#1,
kiss#2,,true#2,
know#3,,true#3,
know#4,,true#4,
knowledge,,true#5,
labor#1,,trust#1,
labor#3,,trust#2,
labor#4,,trust#3,
landlord,,trust#4,
large#1,,trust#6,
large#2,,trust#7,
large#3,,trustworthiness,
last#4,,trustworthy,
last#5,,truth,
laudable,,truthful,
laugh#1,,unbound,
laugh#2,,unbroken,
laugh#5,,uncommon,
laugh#6,,understand#1,
laughter,,understand#2,
launch,,understandable,
lavish,,understood,
law,,undoubted,
lawful,,undoubtedly,
lead#1,,unforgettable,
lead#3,,unhurried,
lead#4,,unimpeachable,
leader,,unique,
leadership,,unity,
leading,,unlimited,
league#1,,unselfish,
league#2,,untouched,
learn#2,,upbeat,
learn#3,,upfront,
learner,,upgrade,
leave#4,,upheld,
legal,,uphold,
legion#2,,uplift,
legislation,,uppermost,
legislative,,upright,
legislator,,upside,
legitimacy,,upward,
legitimate,,usable,
leisure,,useful,
length#3,,usefulness,
let#1,,utilitarian,
let#2,,utilization,
level#2,,utilize,
liberal#2,,uttermost,
liberal#3,,valiant,
liberalism,,valid,
liberate,,validity,
liberation,,valor,
liberty,,valuable,
lieutenant,,value#2,
lifelong,,value#3,
lift,,vanquish,
light#1,,vastness,
light#3,,venerable,
lightning,,venerate,
likable,,verification,
like#2,,verify,
like#3,,veritable,
limitless,,versatile,
lion,,versatility,
lioness,,viability,
live#1,,viable,
live#3,,victorious,
live#6,,vigilance,
lively,,vigilant,
load#2,,virtue,
load#4,,virtuous,
lock#1,,visionary,
logic,,visualization,
logical,,vitality,
long#1,,vivacious,
longevity,,vivid,
look#_11,,voluntary,
lord,,vouchsafe,
lot#1,,warm#1,
lot#2,,warm#2,
loud#1,,warm#3,
loud#2,,warm#4,
loud#3,,warm#5,
loud#4,,warmhearted,
loud#5,,warmth,
love#1,,welcome#1,
love#2,,welcome#2,
love#3,,welcome#3,
love#4,,welcome#5,
love#5,,welfare#1,
loveliness,,well#2,
lovely,,well#4,
lover#1,,whimsical,
lover#2,,wholesome,
lower#2,,willful,
loyal,,willing,
loyalty,,willingness,
lucid,,wisdom,
luck,,wise#1,
luckily,,wise#2,
lucky,,wise#3,
lucrative,,wise#4,
luminous,,wise#5,
lust,,witty,
luster,,wonder#1,
lustrous,,wonderful,
luxuriant,,wondrous,
luxurious,,woo,
luxury,,workable,
lyric,,workmanship,
lyrical,,world-famous,
magical,,worth#1,
magnetic,,worth#2,
magnificence,,worth#3,
magnificent,,worth#4,
magnify,,worth-while,
magnitude,,worthiness,
main#1,,worthy,
main#2,,zenith,
maintain#1,,zest,
maintain#2,,,
majestic,,,
majesty,,,
major#1,,,
majority,,,
make#1,,,
make#3,,,
make#6,,,
make#7,,,
make#8,,,
manage#1,,,
manage#2,,,
manage#3,,,
manageable,,,
management,,,
manager,,,
managerial,,,
maneuver,,,
manly,,,
manpower,,,
manufacture,,,
manufacturer,,,
many#1,,,
many#2,,,
march#2,,,
march#3,,,
marcher,,,
marital,,,
mark#2,,,
marriage,,,
marry#1,,,
marry#2,,,
marshall,,,
marvel,,,
marvelous,,,
masculine,,,
mass#1,,,
mass#2,,,
mass#3,,,
massive,,,
master#1,,,
master#2,,,
masterful,,,
mastery,,,
match#1,,,
match#2,,,
matchless,,,
mate#1,,,
mate#2,,,
material#3,,,
matter#4,,,
mature#1,,,
mature#2,,,
mature#3,,,
maturity,,,
maximization,,,
maximize,,,
maximum,,,
may#1,,,
mayor,,,
meaningful,,,
measurable,,,
measure#4,,,
mediate,,,
meditation,,,
meet#5,,,
mellow,,,
melody,,,
memorable,,,
mend,,,
mentor,,,
merciful,,,
mercy,,,
merit#1,,,
merit#2,,,
meritorious,,,
merrily,,,
merriment,,,
merry,,,
mesh,,,
methodical,,,
meticulous,,,
might#2,,,
mighty,,,
mild,,,
military,,,
militia,,,
mind#_10,,,
mindful,,,
minimize,,,
minister#1,,,
minister#2,,,
minister#4,,,
ministry,,,
mint,,,
miracle,,,
miraculous,,,
mirth,,,
missile,,,
mobile,,,
mobility,,,
mobilize,,,
moderate,,,
moderation,,,
modernity,,,
modest,,,
modesty,,,
modify,,,
mold#2,,,
momentous,,,
momentum,,,
monitor,,,
monopoly,,,
monument,,,
monumental,,,
moral,,,
morale,,,
moralistic,,,
morality,,,
more,,,
most#1,,,
most#2,,,
most#3,,,
motivate,,,
motivated,,,
motivation,,,
motive,,,
move#1,,,
move#2,,,
move#3,,,
move#4,,,
movement,,,
mover,,,
much,,,
muffle#2,,,
multiple,,,
multiplication,,,
multiply,,,
multitude,,,
muscle,,,
muscular,,,
muster,,,
mutual#1,,,
mutual#2,,,
myriad,,,
natural#1,,,
natural#2,,,
naval,,,
navigable,,,
navy,,,
near#2,,,
neat,,,
necessarily,,,
necessary#1,,,
necessary#2,,,
necessary#3,,,
necessitate,,,
necessity,,,
negotiate,,,
nerve,,,
network,,,
new#1,,,
new#3,,,
new#4,,,
new#5,,,
nice#1,,,
nice#2,,,
nice#3,,,
nice#4,,,
niche,,,
nimble,,,
nobility,,,
noble,,,
nobleman,,,
noiseless,,,
nominate,,,
nomination,,,
non-violence,,,
non-violent,,,
norm,,,
normal,,,
notable,,,
notoriety,,,
nourish,,,
nourishment,,,
novelty,,,
nuclear,,,
nuclei,,,
nucleus,,,
number#1,,,
numerous,,,
nurse#2,,,
nurture,,,
nutrient,,,
oasis,,,
obedience,,,
obedient,,,
obey,,,
objective#1,,,
objective#2,,,
objective#3,,,
oblige,,,
obtain,,,
obtainable,,,
occasion#2,,,
occupy,,,
offer#1,,,
offer#2,,,
offer#3,,,
officer,,,
official#1,,,
official#2,,,
official#3,,,
officiate,,,
offset,,,
often,,,
once#4,,,
onset,,,
onward,,,
open#1,,,
open#2,,,
operate#1,,,
operate#3,,,
operation#2,,,
operational,,,
operative,,,
opportune,,,
opportunities,,,
opportunity,,,
optimal,,,
optimism,,,
optimistic,,,
optional,,,
order#2,,,
order#3,,,
order#4,,,
order#5,,,
order#6,,,
order#7,,,
ordinance,,,
organization,,,
organize#1,,,
organize#2,,,
originality,,,
originate,,,
outfit#2,,,
outgoing,,,
outlive,,,
outperform,,,
outperformed,,,
outperforming,,,
outperforms,,,
output#1,,,
output#2,,,
outreach,,,
outright,,,
outrun,,,
outset,,,
outstanding,,,
outwit,,,
over#4,,,
overcame,,,
overcome,,,
overhaul,,,
overjoyed,,,
overlying,,,
overseer,,,
overwhelm,,,
own#1,,,
own#3,,,
own#4,,,
owner,,,
ownership,,,
painstaking,,,
palace,,,
palatable,,,
palatial,,,
pamper,,,
paradise,,,
paramount,,,
pardon#1,,,
pardon#2,,,
parliament,,,
part#3,,,
particular#1,,,
partner,,,
partnership,,,
party#1,,,
pass#_12,,,
pass#2,,,
pass#4,,,
passion,,,
passionate,,,
patience,,,
patient#2,,,
patient#3,,,
patriot,,,
patriotic,,,
patrol#1,,,
patrol#2,,,
patron,,,
patronage,,,
pay#4,,,
peace#1,,,
peace#2,,,
peaceable,,,
peaceful,,,
peak#2,,,
peerless,,,
penetrate,,,
penetration,,,
perfect,,,
perfect#1,,,
perfect#2,,,
perfect#3,,,
perfected,,,
perfection,,,
perfectionism,,,
perfectionist,,,
perfectly,,,
perfects,,,
perfume,,,
permanent,,,
permission,,,
permit#1,,,
permit#2,,,
perpetual,,,
perpetuate,,,
perseverance,,,
persevere,,,
persist,,,
persistence,,,
persistent,,,
persuade,,,
persuasive,,,
pertinent,,,
physical#1,,,
physical#2,,,
picturesque,,,
piety,,,
pinnacle,,,
pious,,,
piston,,,
pity#2,,,
plain#1,,,
plain#3,,,
plain#4,,,
plain#5,,,
plan#1,,,
plan#2,,,
plan#3,,,
plan#4,,,
plant#5,,,
plausibility,,,
playful,,,
playmate,,,
plaything,,,
pleasant,,,
pleasant#1,,,
pleasant#2,,,
pleasantly,,,
pleasantry,,,
please#2,,,
please#3,,,
please#4,,,
pleased,,,
pleased#1,,,
pleased#2,,,
pleased#3,,,
pleasurable,,,
pleasure,,,
pledge,,,
plentiful,,,
plenty,,,
poetic,,,
poignant,,,
point#8,,,
poise#1,,,
police,,,
policeman,,,
policemen,,,
policy,,,
polish,,,
polite,,,
politeness,,,
politician,,,
pomp,,,
pope,,,
popular,,,
popularity,,,
populous,,,
portable,,,
positive,,,
positively,,,
positiveness,,,
positivity,,,
posse,,,
possess,,,
possible,,,
posterity,,,
potency,,,
potent,,,
potential,,,
potentiality,,,
power#1,,,
power#2,,,
powerful,,,
practicable,,,
practical#1,,,
praise#1,,,
praise#2,,,
prance,,,
preacher,,,
precaution,,,
precedent,,,
precept,,,
precious,,,
precise,,,
precision,,,
predominant,,,
predominate,,,
preeminence,,,
preeminent,,,
preference,,,
premier,,,
premiere,,,
premise,,,
premium,,,
preparatory,,,
prepare#1,,,
prepare#2,,,
preserve,,,
preside,,,
presidency,,,
president,,,
presidential,,,
press#2,,,
press#3,,,
press#5,,,
pressure#1,,,
pressure#2,,,
prestige,,,
prestigious,,,
prettily,,,
pretty#2,,,
pretty#3,,,
pretty#4,,,
pretty#5,,,
prevail,,,
prevalent,,,
prevent,,,
prevention,,,
preventive,,,
priceless,,,
pride,,,
priest,,,
primarily,,,
primary#1,,,
primary#2,,,
prime,,,
prince,,,
principal#1,,,
principal#2,,,
principal#3,,,
principle#1,,,
principle#2,,,
principle#4,,,
priority,,,
privacy,,,
privilege,,,
privileged,,,
privy,,,
prize,,,
pro,,,
proactive,,,
proactively,,,
probe,,,
proclaim,,,
proclamation,,,
proctor,,,
procure,,,
procurement,,,
prodigious,,,
prodigy,,,
produce#1,,,
productive,,,
productivity,,,
profess,,,
professor,,,
proffer,,,
proficiency,,,
proficient,,,
proficiently,,,
profit#1,,,
profit#2,,,
profitability,,,
profitable,,,
profitably,,,
profound,,,
progress,,,
progress#1,,,
progress#2,,,
progressed,,,
progresses,,,
progressing,,,
progressive,,,
project#2,,,
prolific,,,
prolong,,,
prominence,,,
prominent,,,
promise#3,,,
promise#4,,,
promote,,,
promotion,,,
prompt#1,,,
prompt#2,,,
promptly,,,
proof,,,
proper,,,
propitious,,,
proponent,,,
proprietary,,,
proprietor,,,
propriety,,,
prosecute,,,
prosper,,,
prospered,,,
prospering,,,
prosperity,,,
prosperous,,,
prospers,,,
protect,,,
protection,,,
protective,,,
protector,,,
proud,,,
prove#1,,,
prove#2,,,
provide#1,,,
providence,,,
prowess,,,
prudence,,,
prudent,,,
pull,,,
punctual,,,
pure,,,
purification,,,
purify,,,
purity,,,
purpose#1,,,
purpose#2,,,
purposeful,,,
purr,,,
pursue,,,
put#6,,,
quaint,,,
qualify#1,,,
qualify#2,,,
qualify#3,,,
quality#2,,,
quarter#3,,,
queen,,,
quench,,,
quest,,,
quicken,,,
quiet#2,,,
radiance,,,
radiant,,,
radiate,,,
raise#1,,,
raise#2,,,
rally,,,
rapport,,,
rapt,,,
rapture,,,
rational,,,
rave,,,
raw,,,
reach#1,,,
readily,,,
readiness,,,
ready#1,,,
reaffirm,,,
real#1,,,
realistic,,,
realistically,,,
realize#2,,,
reap,,,
reason#1,,,
reason#2,,,
reason#3,,,
reasonable,,,
reassurance,,,
reassure,,,
rebound,,,
rebounded,,,
rebounding,,,
rebuild,,,
receptive,,,
reclaim,,,
recline,,,
recommend,,,
recommendation,,,
recompense,,,
reconcile,,,
reconciliation,,,
reconstruct,,,
reconstruction,,,
recover,,,
recovery,,,
recreation,,,
recruit#2,,,
recruitment,,,
rector,,,
recurrent,,,
redeem,,,
redemption,,,
reduce,,,
reestablish,,,
refine,,,
refinement,,,
refuge,,,
regain,,,
regained,,,
regaining,,,
regal,,,
regard#3,,,
regime,,,
regiment,,,
regular,,,
regulate,,,
regulation,,,
rehabilitation,,,
reinforce,,,
reinforcement,,,
reinstate,,,
reiterate,,,
rejoice,,,
relaxation,,,
relentless,,,
relevance,,,
relevancy,,,
relevant,,,
reliability,,,
reliable,,,
relief,,,
relieve#1,,,
relieve#3,,,
religious#1,,,
relish,,,
remarkable,,,
remarkably,,,
remedy,,,
remodel,,,
removal,,,
remove,,,
renaissance,,,
render,,,
renew,,,
renewal,,,
renovate,,,
renovation,,,
renown,,,
repair#1,,,
repair#2,,,
reparation,,,
repel,,,
repent,,,
repentance,,,
replenish,,,
repose,,,
reputable,,,
require#1,,,
require#2,,,
requirement,,,
rescue#1,,,
rescue#2,,,
reserve#1,,,
reserve#3,,,
resist,,,
resistance,,,
resolute,,,
resolution,,,
resolve,,,
resolve#1,,,
resolve#2,,,
resolved,,,
resound,,,
resource,,,
resourceful,,,
resourcefulness,,,
respect#1,,,
respect#2,,,
respect#5,,,
respectable,,,
respectful,,,
respite,,,
resplendent,,,
responsibility,,,
responsible#1,,,
responsive,,,
restful,,,
restoration,,,
restore,,,
restrain,,,
restraint,,,
resumption,,,
resurrect,,,
retain,,,
retention,,,
return#2,,,
return#5,,,
reunion,,,
reunite,,,
revel,,,
revelation,,,
revenue,,,
revere,,,
reverence,,,
reverent,,,
reverently,,,
revitalize,,,
revival,,,
revive,,,
revolutionary,,,
revolutionize,,,
revolutionized,,,
revolutionizes,,,
revolutionizing,,,
reward,,,
reward#1,,,
reward#2,,,
reward#3,,,
rewarded,,,
rewarding,,,
rewards,,,
rich#1,,,
rich#2,,,
rich#3,,,
rich#4,,,
rich#5,,,
rich#6,,,
riches,,,
richness,,,
right#1,,,
right#2,,,
right#4,,,
right#5,,,
right#6,,,
righteous,,,
righteousness,,,
rightful,,,
ripe,,,
ripen,,,
rise#1,,,
rise#2,,,
rise#3,,,
rise#5,,,
rise#6,,,
roar#1,,,
roar#2,,,
robust,,,
romance,,,
romantic,,,
romanticize,,,
root#1,,,
root#2,,,
rope#2,,,
rose#1,,,
rose#2,,,
rosy,,,
round#4,,,
rouse,,,
royal,,,
royalty,,,
rugged,,,
rule#1,,,
rule#2,,,
rule#3,,,
rule#4,,,
ruler,,,
run#2,,,
sacred,,,
safe#1,,,
safe#2,,,
safe#3,,,
safe#4,,,
safeguard,,,
safety#2,,,
sagacity,,,
sage,,,
saint,,,
salutary,,,
salutation,,,
salute,,,
salvation,,,
sanctify,,,
sanction#1,,,
sanction#2,,,
sanctuary,,,
sane,,,
sanguine,,,
sanitary,,,
sanity,,,
satisfaction,,,
satisfactorily,,,
satisfactory,,,
satisfied,,,
satisfies,,,
satisfy,,,
satisfy#1,,,
satisfy#2,,,
satisfy#3,,,
satisfying,,,
save#1,,,
savings,,,
savor,,,
savvy,,,
say#4,,,
scamper,,,
scatter,,,
school#2,,,
scruples,,,
scrupulous,,,
search#3,,,
second#4,,,
secure#1,,,
secure#2,,,
secure#3,,,
security#1,,,
security#2,,,
select,,,
selective,,,
self-contained,,,
self-respect,,,
semblance,,,
senate,,,
senator,,,
senior#2,,,
sensational,,,
sense#3,,,
sense#5,,,
sensible,,,
sensitive,,,
sensitivity,,,
serene,,,
sergeant,,,
serious,,,
seriousness,,,
set#3,,,
settle#1,,,
settle#2,,,
settle#4,,,
shape#2,,,
share#1,,,
share#3,,,
share#4,,,
sharp,,,
shatter,,,
shell#1,,,
shelter#1,,,
shelter#2,,,
sheriff,,,
shield,,,
shift#3,,,
shiny,,,
ship#4,,,
shoot#7,,,
shoulder#2,,,
show#1,,,
show#3,,,
shrewd,,,
shrewdness,,,
shut#1,,,
shut#3,,,
shut#4,,,
significance,,,
significant,,,
signify,,,
simplicity,,,
simplify#1,,,
simplify#2,,,
sincere,,,
sincerity,,,
sir,,,
sizable,,,
skill#1,,,
skill#2,,,
skillful,,,
sleek,,,
smart#1,,,
smart#2,,,
smart#4,,,
smash#3,,,
smile#1,,,
smile#2,,,
smile#3,,,
smile#4,,,
smitten,,,
smooth,,,
smoothing,,,
smoothly,,,
smooths,,,
soar,,,
sober,,,
sociable,,,
softness,,,
solace,,,
solid,,,
solidarity,,,
solidity,,,
solution,,,
solves,,,
solving,,,
soothe,,,
sophisticated,,,
sought,,,
sound#4,,,
sound#5,,,
sound#6,,,
soundness,,,
source,,,
sovereign,,,
sovereignty,,,
spare#2,,,
sparkle,,,
speak#2,,,
special,,,
spectacular,,,
spectacularly,,,
speed#1,,,
speed#2,,,
speedily,,,
splendid,,,
splendor,,,
split#1,,,
spoke#3,,,
sponsor#2,,,
spontaneous,,,
spotless,,,
sprightly,,,
spur#2,,,
squad,,,
squarely,,,
squeeze#2,,,
stability,,,
stabilization,,,
stabilizations,,,
stabilize,,,
stabilized,,,
stabilizes,,,
stabilizing,,,
stable,,,
stand#1,,,
stand#2,,,
stand#3,,,
stand#4,,,
stand#5,,,
stand#7,,,
standard#1,,,
standardize,,,
staple,,,
state#1,,,
stately,,,
statesman,,,
statesmen,,,
statuesque,,,
status#1,,,
statute,,,
statutory,,,
staunch,,,
staunchness,,,
steadfast,,,
steadfastness,,,
steadily,,,
steadiness,,,
steady,,,
steel,,,
steer#2,,,
step#3,,,
stick#2,,,
stick#3,,,
stick#5,,,
stiff,,,
stiffly,,,
still#5,,,
stimulate,,,
stimulation,,,
stipulate,,,
stipulation,,,
stoicism,,,
stomach#2,,,
stone#1,,,
stood#1,,,
stood#2,,,
stood#3,,,
stood#4,,,
stop#2,,,
stop#4,,,
storm#1,,,
straight#3,,,
straightforward,,,
strategic,,,
strength,,,
strengthen,,,
strengthen#1,,,
strengthen#2,,,
strengthened,,,
strengthening,,,
strengthens,,,
strengths,,,
strenuous,,,
strike#3,,,
strike#6,,,
strip#2,,,
strong,,,
strong#1,,,
strong#2,,,
strong#3,,,
strong#4,,,
stronger,,,
strongest,,,
stronghold,,,
strut,,,
stud,,,
studious,,,
stuff#2,,,
stun,,,
stupendous,,,
sturdy,,,
stylish,,,
suave,,,
subdue,,,
sublime,,,
subscribe,,,
subscription,,,
subsidize,,,
subsidy,,,
subsist,,,
subsistence,,,
substantial,,,
substantiate,,,
subtle,,,
succeed,,,
succeed#1,,,
succeeded,,,
succeeding,,,
succeeds,,,
success,,,
successes,,,
successful,,,
successfully,,,
successor,,,
suffice,,,
sufficient,,,
suffrage,,,
suit#3,,,
suit#4,,,
suitable,,,
summit,,,
summon#1,,,
summon#2,,,
sumptuous,,,
super,,,
superintendent,,,
superior,,,
superiority,,,
superlative,,,
supplement#2,,,
supplier,,,
supply#1,,,
supply#2,,,
support#1,,,
support#2,,,
support#3,,,
support#4,,,
supportive,,,
suppose#2,,,
supremacy,,,
supreme#1,,,
supreme#2,,,
supreme#3,,,
sure#1,,,
sure#6,,,
surge,,,
surmise,,,
surmount,,,
surpass,,,
surpassed,,,
surpasses,,,
surpassing,,,
surplus,,,
surround#1,,,
surveillance,,,
survival,,,
survive,,,
survivor,,,
sustain,,,
sweet#1,,,
sweet#3,,,
sweet#4,,,
sweet#5,,,
sweeten,,,
sweetheart,,,
sweetness,,,
swift,,,
swiftness,,,
swoon,,,
sword,,,
sworn,,,
symbolize,,,
symmetry,,,
sympathetic,,,
sympathize,,,
sympathy,,,
synthesis,,,
systematic,,,
systematically,,,
tact,,,
tactics,,,
take#3,,,
take#5,,,
take#6,,,
take#7,,,
take#8,,,
talent,,,
talented,,,
tall,,,
taste#2,,,
taught,,,
taut,,,
teach#1,,,
teacher,,,
temperance,,,
temperate,,,
tempt,,,
tenacious,,,
tenacity,,,
tend#2,,,
tenderness,,,
term#3,,,
terminate,,,
terrific,,,
territorial,,,
test#1,,,
test#2,,,
thank#1,,,
thank#2,,,
thank#3,,,
thankful,,,
therapeutic,,,
thick,,,
thicken,,,
thorough,,,
thoughtful,,,
thoughtfulness,,,
thrift,,,
thrifty,,,
thrill,,,
thrive,,,
throw#1,,,
throw#5,,,
thrust#1,,,
thrust#2,,,
thunder,,,
till#3,,,
tingle#1,,,
together,,,
togetherness,,,
tolerance,,,
tolerant,,,
tolerate,,,
toleration,,,
topmost,,,
total#3,,,
tough,,,
tradition,,,
traditional,,,
train#4,,,
tranquil,,,
tranquility,,,
transform,,,
transformation,,,
transparency,,,
travel#4,,,
treasure#1,,,
treasure#2,,,
treasurer,,,
treat#2,,,
treatise,,,
treaty,,,
tremendous,,,
tremendous#1,,,
tremendous#2,,,
tremendously,,,
tribute,,,
triumph#1,,,
triumph#2,,,
triumphal,,,
triumphant,,,
troop,,,
trophy,,,
true#1,,,
true#2,,,
true#3,,,
true#4,,,
true#5,,,
trust#1,,,
trust#2,,,
trust#3,,,
trust#4,,,
trust#6,,,
trust#7,,,
trust#8,,,
trustworthiness,,,
trustworthy,,,
truth,,,
truthful,,,
try#2,,,
ultimate#1,,,
ultimate#2,,,
unanimous,,,
unbound,,,
unbroken,,,
unchecked,,,
uncommon,,,
uncontested,,,
undaunted,,,
undeniable,,,
under#1,,,
understand#1,,,
understand#2,,,
understandable,,,
understood,,,
undertake#1,,,
undertake#2,,,
undertaken,,,
undertook,,,
undisputed,,,
undoubted,,,
undoubtedly,,,
unequivocal,,,
unfailing,,,
unforgettable,,,
unhurried,,,
unification,,,
unify,,,
unimpeachable,,,
union#2,,,
unique,,,
unison,,,
unite#5,,,
unity,,,
universal,,,
unleash,,,
unlimited,,,
unmatched,,,
unmistakable,,,
unmitigated,,,
unparalleled,,,
unquestionable,,,
unquestioned,,,
unrestricted,,,
unselfish,,,
unsurpassed,,,
untold,,,
untouched,,,
unwavering,,,
upbeat,,,
upfront,,,
upgrade,,,
upheld,,,
uphold,,,
uplift,,,
uppermost,,,
upright,,,
upside,,,
upturn,,,
upturns,,,
upward,,,
urge#1,,,
urge#2,,,
urgent,,,
usable,,,
useful,,,
usefulness,,,
utilitarian,,,
utility,,,
utilization,,,
utilize,,,
uttermost,,,
valiant,,,
valid,,,
validity,,,
valor,,,
valuable,,,
value#2,,,
value#3,,,
vanquish,,,
vantage,,,
vast,,,
vastness,,,
venerable,,,
venerate,,,
verification,,,
verify,,,
veritable,,,
versatile,,,
versatility,,,
viability,,,
viable,,,
vibrancy,,,
vibrant,,,
vice#2,,,
victor,,,
victorious,,,
victory,,,
vigilance,,,
vigilant,,,
vigor,,,
vigorous,,,
virtue,,,
virtuous,,,
visionary,,,
visualization,,,
vital,,,
vitality,,,
vivacious,,,
vivid,,,
voluntary,,,
vouchsafe,,,
wage#2,,,
want#3,,,
warm#1,,,
warm#2,,,
warm#3,,,
warm#4,,,
warm#5,,,
warmhearted,,,
warmth,,,
warrior,,,
way#_10,,,
way#_12,,,
way#7,,,
wealth#2,,,
wealthy,,,
weight#1,,,
weight#2,,,
weight#3,,,
welcome#1,,,
welcome#2,,,
welcome#3,,,
welcome#5,,,
welfare#1,,,
well#2,,,
well#4,,,
well#6,,,
whimsical,,,
whip#5,,,
whirl,,,
whole#1,,,
whole#2,,,
whole#3,,,
whole#4,,,
whole#5,,,
whole#6,,,
wholesome,,,
wide#1,,,
wide#2,,,
wide#4,,,
wide#5,,,
widen,,,
widespread,,,
willful,,,
willing,,,
willingness,,,
win,,,
win#1,,,
win#2,,,
win#3,,,
win#4,,,
winner,,,
winners,,,
winning,,,
wisdom,,,
wise#1,,,
wise#2,,,
wise#3,,,
wise#4,,,
wise#5,,,
withstand,,,
witty,,,
won,,,
wonder#1,,,
wonderful,,,
wondrous,,,
woo,,,
word#4,,,
workable,,,
workmanship,,,
world-famous,,,
world-wide,,,
worth#1,,,
worth#2,,,
worth#3,,,
worth#4,,,
worthiness,,,
worth-while,,,
worthy,,,
zeal,,,
zealous,,,
zenith,,,
zest,,,
positive ,,,
positives ,,,
success ,,,
successes ,,,
successful ,,,
succeed ,,,
succeeds ,,,
succeeded ,,,
accomplish ,,,
accomplishes ,,,
accomplishing ,,,
accomplished ,,,
accomplishments ,,,
strong ,,,
strength ,,,
strengths ,,,
certain ,,,
certainty ,,,
definite ,,,
solid ,,,
good ,,,
leading ,,,
achieve ,,,
achieves ,,,
achieved ,,,
achieving ,,,
achievement ,,,
progress ,,,
progressing ,,,
deliver ,,,
delivers ,,,
delivered ,,,
delivering ,,,
leader ,,,
leading ,,,
pleased ,,,
rewards ,,,
rewarding ,,,
rewarded ,,,
opportunity ,,,
opportunities ,,,
enjoy ,,,
enjoys ,,,
enjoying ,,,
encouraged ,,,
encouraging ,,,
up ,,,
increase ,,,
increases ,,,
increasing ,,,
increased ,,,
rise ,,,
rises ,,,
rising,,,
rose ,,,
risen ,,,
improve ,,,
improves ,,,
improving ,,,
improved ,,,
improvement ,,,
improvements ,,,
strengthens ,,,
strengthening ,,,
strengthened ,,,
stronger ,,,
strongest ,,,
better ,,,
best ,,,
more ,,,
most ,,,
above,,,
record ,,,
high ,,,
higher ,,,
highest ,,,
greater ,,,
greatest ,,,
larger ,,,
largest ,,,
grow ,,,
grows ,,,
growing ,,,
grew ,,,
grown,,,
growth ,,,
expand ,,,
expands ,,,
expanding ,,,
expanded ,,,
expansion ,,,
exceed ,,,
exceeds ,,,
exceeded,,,
exceeding ,,,
beat ,,,
beats ,,,
beating,,,
